protein_id	protein_name	species_code	species_name	current_family	CPLCG_score	CPLCG_evalue	CPLCG_confident	classifier_prediction	confidence	status	feature_validation	length	glycine_percent	alanine_percent	CPLCG_exact_last80_count	CPLCG_exact_last80_match	CPLCG_relaxed_last80_count	CPLCG_relaxed_last80_match	CPLCG_Cterminal_last80_count	CPLCG_Cterminal_last80_match	weird_characters
Aga_CPLC#	CPLCG4	Aga	Anopheles gambiae	CPLCG	79.9	4.6e-23	yes	CPLCG	high	confirmed	exact_relaxed_and_Cterminal_CPLCG_support	120	7.5	29.2	1	GAVHVAPLPGH	1	GAVHVAPLPGH	1	GAVHVAPLPGH	
Aga_CPLC8	CPLCG3	Aga	Anopheles gambiae	CPLCG	103.2	3e-30	yes	CPLCG	high	confirmed	exact_relaxed_and_Cterminal_CPLCG_support	135	7.4	28.1	1	GAVHVAPLPGH	1	GAVHVAPLPGH	1	GAVHVAPLPGH	
Aga_CPLCG1	CPLCG1	Aga	Anopheles gambiae	CPLCG	87.3	2.4e-25	yes	CPLCG	high	confirmed	exact_relaxed_and_Cterminal_CPLCG_support	125	8.0	20.0	1	GAVHVAPLPGH	1	GAVHVAPLPGH	1	GAVHVAPLPGH	
Aga_CPLCG10	CPLCG10	Aga	Anopheles gambiae	CPLCG	112.5	4.2e-33	yes	CPLCG	high	confirmed	exact_relaxed_and_Cterminal_CPLCG_support	163	2.5	27.0	1	GAVHEAPLAGH	1	GAVHEAPLAGH	1	GAVHEAPLAGH	
Aga_CPLCG11	CPLCG11	Aga	Anopheles gambiae	CPLCG	99.8	3.4e-29	yes	CPLCG	high	confirmed	exact_relaxed_and_Cterminal_CPLCG_support	191	14.7	11.5	1	GAVHVAPLPGH	1	GAVHVAPLPGH	1	GAVHVAPLPGH	
Aga_CPLCG12	CPLCG12	Aga	Anopheles gambiae	CPLCG	113.1	2.7e-33	yes	CPLCG	high	confirmed	exact_relaxed_and_Cterminal_CPLCG_support	163	2.5	27.0	1	GAVHEAPLAGH	1	GAVHEAPLAGH	1	GAVHEAPLAGH	
Aga_CPLCG13	CPLCG13	Aga	Anopheles gambiae	CPLCG	99.2	5.1e-29	yes	CPLCG	high	confirmed	exact_relaxed_and_Cterminal_CPLCG_support	197	15.2	10.7	1	GAVHVAPLPGH	1	GAVHVAPLPGH	1	GAVHVAPLPGH	
Aga_CPLCG14	CPLCG14	Aga	Anopheles gambiae	CPLCG	118.1	7.6e-35	yes	CPLCG	high	confirmed	exact_relaxed_and_Cterminal_CPLCG_support	138	4.3	25.4	1	GAVHEAPLAGH	1	GAVHEAPLAGH	1	GAVHEAPLAGH	
Aga_CPLCG15	CPLCG15	Aga	Anopheles gambiae	CPLCG	104.9	9.1e-31	yes	CPLCG	high	confirmed	exact_relaxed_and_Cterminal_CPLCG_support	124	5.6	21.8	1	GAVHEAPLPGH	1	GAVHEAPLPGH	1	GAVHEAPLPGH	
Aga_CPLCG16	CPLCG16	Aga	Anopheles gambiae	CPLCG	108.1	9e-32	yes	CPLCG	high	confirmed	exact_relaxed_and_Cterminal_CPLCG_support	169	2.4	27.2	1	GAVHKAPLVGH	1	GAVHKAPLVGH	1	GAVHKAPLVGH	
Aga_CPLCG17	CPLCG17	Aga	Anopheles gambiae	CPLCG	99.8	3.4e-29	yes	CPLCG	high	confirmed	exact_relaxed_and_Cterminal_CPLCG_support	197	15.7	11.7	1	GAVHVAPLPGH	1	GAVHVAPLPGH	1	GAVHVAPLPGH	
Aga_CPLCG18	CPLCG18	Aga	Anopheles gambiae	CPLCG	98.9	6.3e-29	yes	CPLCG	high	confirmed	exact_relaxed_and_Cterminal_CPLCG_support	205	15.6	10.2	1	GAVHVAPLPGH	1	GAVHVAPLPGH	1	GAVHVAPLPGH	
Aga_CPLCG19	CPLCG19	Aga	Anopheles gambiae	CPLCG	98.6	7.9e-29	yes	CPLCG	high	confirmed	exact_relaxed_and_Cterminal_CPLCG_support	168	17.3	10.7	1	GAVHVAPLPGH	1	GAVHVAPLPGH	1	GAVHVAPLPGH	
Aga_CPLCG2	CPLCG2	Aga	Anopheles gambiae	CPLCG	75.1	1.4e-21	yes	CPLCG	high	confirmed	exact_relaxed_and_Cterminal_CPLCG_support	108	9.3	10.2	1	GAVHIAPLPGH	1	GAVHIAPLPGH	1	GAVHIAPLPGH	
Aga_CPLCG20	CPLCG20	Aga	Anopheles gambiae	CPLCG	189.8	5.9e-57	yes	CPLCG	high	confirmed	exact_relaxed_and_Cterminal_CPLCG_support	619	5.2	18.1	1	GAVHEAPLAGH	1	GAVHEAPLAGH	1	GAVHEAPLAGH	
Aga_CPLCG21	CPLCG21	Aga	Anopheles gambiae	CPLCG	108.8	5.7e-32	yes	CPLCG	high	confirmed	exact_relaxed_and_Cterminal_CPLCG_support	227	17.2	11.0	1	GAVHVAPLPGH	1	GAVHVAPLPGH	1	GAVHVAPLPGH	
Aga_CPLCG22	CPLCG22	Aga	Anopheles gambiae	CPLCG	105.9	4.3e-31	yes	CPLCG	high	confirmed	exact_relaxed_and_Cterminal_CPLCG_support	248	2.0	21.0	1	GAVHEAPLAGH	1	GAVHEAPLAGH	1	GAVHEAPLAGH	
Aga_CPLCG23	CPLCG23	Aga	Anopheles gambiae	CPLCG	108.4	7.7e-32	yes	CPLCG	high	confirmed	exact_relaxed_and_Cterminal_CPLCG_support	133	4.5	29.3	1	GAIHEAPLPGH	1	GAIHEAPLPGH	1	GAIHEAPLPGH	
Aga_CPLCG24	CPLCG24	Aga	Anopheles gambiae	CPLCG	106.1	3.7e-31	yes	CPLCG	high	confirmed	exact_relaxed_and_Cterminal_CPLCG_support	133	3.8	29.3	1	GAIHEAPLPGH	1	GAIHEAPLPGH	1	GAIHEAPLPGH	
Aga_CPLCG25	CPLCG25	Aga	Anopheles gambiae	CPLCG	100.1	2.8e-29	yes	CPLCG	high	confirmed	exact_relaxed_and_Cterminal_CPLCG_support	197	16.2	11.2	1	GAVHVAPLPGH	1	GAVHVAPLPGH	1	GAVHVAPLPGH	
Aga_CPLCG26	CPLCG26	Aga	Anopheles gambiae	CPLCG	99.2	5.3e-29	yes	CPLCG	high	confirmed	exact_relaxed_and_Cterminal_CPLCG_support	198	16.2	10.6	1	GAVHVAPLPGH	1	GAVHVAPLPGH	1	GAVHVAPLPGH	
Aga_CPLCG27	CPLCG27	Aga	Anopheles gambiae	CPLCG	94.3	1.7e-27	yes	CPLCG	high	confirmed	exact_relaxed_and_Cterminal_CPLCG_support	168	16.7	11.3	1	GAVHVAPLPGH	1	GAVHVAPLPGH	1	GAVHVAPLPGH	
Aga_CPLCG3	CPLCG3	Aga	Anopheles gambiae	CPLCG	103.2	3e-30	yes	CPLCG	high	confirmed	exact_relaxed_and_Cterminal_CPLCG_support	135	7.4	28.1	1	GAVHVAPLPGH	1	GAVHVAPLPGH	1	GAVHVAPLPGH	
Aga_CPLCG4	CPLCG4	Aga	Anopheles gambiae	CPLCG	79.9	4.6e-23	yes	CPLCG	high	confirmed	exact_relaxed_and_Cterminal_CPLCG_support	120	7.5	29.2	1	GAVHVAPLPGH	1	GAVHVAPLPGH	1	GAVHVAPLPGH	
Aga_CPLCG5	CPLCG5	Aga	Anopheles gambiae	CPLCG	96.9	2.6e-28	yes	CPLCG	high	confirmed	exact_relaxed_and_Cterminal_CPLCG_support	139	8.6	32.4	1	GAVHVAPLPGH	1	GAVHVAPLPGH	1	GAVHVAPLPGH	
Aga_CPLCG6	CPLCG6	Aga	Anopheles gambiae	CPLCG	100.3	2.3e-29	yes	CPLCG	high	confirmed	exact_relaxed_and_Cterminal_CPLCG_support	197	15.7	11.2	1	GAVHVAPLPGH	1	GAVHVAPLPGH	1	GAVHVAPLPGH	
Aga_CPLCG7	CPLCG7	Aga	Anopheles gambiae	CPLCG	112.1	5.4e-33	yes	CPLCG	high	confirmed	exact_relaxed_and_Cterminal_CPLCG_support	163	2.5	27.6	1	GAVHEAPLAGH	1	GAVHEAPLAGH	1	GAVHEAPLAGH	
Aga_CPLCG8	CPLCG8	Aga	Anopheles gambiae	CPLCG	86.9	3.3e-25	yes	CPLCG	high	confirmed	exact_relaxed_and_Cterminal_CPLCG_support	188	16.5	11.7	1	GAVHVAPLPGH	1	GAVHVAPLPGH	1	GAVHVAPLPGH	
Aga_CPLCG9	CPLCG9	Aga	Anopheles gambiae	CPLCG	96.2	4.5e-28	yes	CPLCG	high	confirmed	exact_relaxed_and_Cterminal_CPLCG_support	168	16.1	11.3	1	GAVHVAPLPGH	1	GAVHVAPLPGH	1	GAVHVAPLPGH	
Cfe_Unigene362-CPLCG	Unigene362-CPLCG	Cfe	Cryptolestes ferrugineus	CPLCG	55.5	1.6e-15	yes	CPLCG	high	confirmed	Cterminal_CPLCG_support_only	113	8.8	22.1	0	NA	0	NA	1	GAIHTAPLPEGPH	
Cpi_CPLCG5	CPLCG5	Cpi	Culex pipiens	CPLCG	94.6	1.4e-27	yes	CPLCG	high	confirmed	exact_relaxed_and_Cterminal_CPLCG_support	129	12.4	29.5	1	GAVHVAPLAGH	1	GAVHVAPLAGH	2	GAAHWAGAYPYAGAH	
Dan_CPLCG1	CPLCG1	Dan	Drosophila ananassae	CPLCG	105.7	5e-31	yes	CPLCG	high	confirmed	exact_relaxed_and_Cterminal_CPLCG_support	136	7.4	27.2	1	GAVHVAPLPGH	1	GAVHVAPLPGH	1	GAVHVAPLPGH	
Dan_CPLCG2	CPLCG2	Dan	Drosophila ananassae	CPLCG	118.9	4.3e-35	yes	CPLCG	high	confirmed	exact_relaxed_and_Cterminal_CPLCG_support	144	14.6	25.0	1	GAIHTAPLAGH	1	GAIHTAPLAGH	1	GAIHTAPLAGH	
Dan_CPLCG3	CPLCG3	Dan	Drosophila ananassae	CPLCG	116.0	3.4e-34	yes	CPLCG	high	confirmed	exact_relaxed_and_Cterminal_CPLCG_support	133	6.8	30.1	1	GAVHTAPLAGH	1	GAVHTAPLAGH	1	GAVHTAPLAGH	
Dgr_CPLCG1	CPLCG1	Dgr	Drosophila grimshawi	CPLCG	106.6	2.7e-31	yes	CPLCG	high	confirmed	exact_relaxed_and_Cterminal_CPLCG_support	127	6.3	26.8	1	GAVHVAPLPGH	1	GAVHVAPLPGH	1	GAVHVAPLPGH	
Dgr_CPLCG2	CPLCG2	Dgr	Drosophila grimshawi	CPLCG	108.5	7.1e-32	yes	CPLCG	high	confirmed	exact_relaxed_and_Cterminal_CPLCG_support	146	19.9	24.0	1	GAVHTAPLAGH	1	GAVHTAPLAGH	1	GAVHTAPLAGH	
Dgr_CPLCG3	CPLCG3	Dgr	Drosophila grimshawi	CPLCG	120.0	1.9e-35	yes	CPLCG	high	confirmed	exact_relaxed_and_Cterminal_CPLCG_support	135	8.1	25.2	1	GAVHTAPLAGH	1	GAVHTAPLAGH	1	GAVHTAPLAGH	
Dme_ACP1	ACP1	Dme	Drosophila melanogaster	CPLCG	127.7	8.3e-38	yes	CPLCG	high	confirmed	exact_relaxed_and_Cterminal_CPLCG_support	135	5.9	27.4	1	GAIHTAPLAGH	1	GAIHTAPLAGH	1	GAIHTAPLAGH	
Dme_CG7203	CG7203	Dme	Drosophila melanogaster	CPLCG	126.6	1.8e-37	yes	CPLCG	high	confirmed	exact_relaxed_and_Cterminal_CPLCG_support	145	6.2	22.1	1	GAVHVAPLPGH	1	GAVHVAPLPGH	1	GAVHVAPLPGH	
Dme_CG7214	CG7214	Dme	Drosophila melanogaster	CPLCG	121.7	6e-36	yes	CPLCG	high	confirmed	exact_relaxed_and_Cterminal_CPLCG_support	142	16.2	24.6	1	GAIHTAPLAGH	1	GAIHTAPLAGH	1	GAIHTAPLAGH	
Dmo_CPLCG1	CPLCG1	Dmo	Drosophila mojavensis	CPLCG	108.0	9.8e-32	yes	CPLCG	high	confirmed	exact_relaxed_and_Cterminal_CPLCG_support	123	7.3	26.8	1	GAVHVAPLPGH	1	GAVHVAPLPGH	1	GAVHVAPLPGH	
Dmo_CPLCG2	CPLCG2	Dmo	Drosophila mojavensis	CPLCG	112.4	4.5e-33	yes	CPLCG	high	confirmed	exact_relaxed_and_Cterminal_CPLCG_support	141	16.3	22.7	1	GAIHTAPLAGH	1	GAIHTAPLAGH	1	GAIHTAPLAGH	
Dmo_CPLCG3	CPLCG3	Dmo	Drosophila mojavensis	CPLCG	108.5	7.2e-32	yes	CPLCG	high	confirmed	exact_relaxed_and_Cterminal_CPLCG_support	142	10.6	22.5	1	GAVHTAPLAGH	1	GAVHTAPLAGH	1	GAVHTAPLAGH	
Dps_CPLCG1	CPLCG1	Dps	Drosophila pseudoobscura	CPLCG	103.6	2.3e-30	yes	CPLCG	high	confirmed	exact_relaxed_and_Cterminal_CPLCG_support	123	8.1	22.8	1	GAVHVAPLPGH	1	GAVHVAPLPGH	1	GAVHVAPLPGH	
Dps_CPLCG2	CPLCG2	Dps	Drosophila pseudoobscura	CPLCG	117.4	1.2e-34	yes	CPLCG	high	confirmed	exact_relaxed_and_Cterminal_CPLCG_support	147	19.7	22.4	1	GAIHTAPLAGH	1	GAIHTAPLAGH	1	GAIHTAPLAGH	
Dps_CPLCG3	CPLCG3	Dps	Drosophila pseudoobscura	CPLCG	115.2	5.8e-34	yes	CPLCG	high	confirmed	exact_relaxed_and_Cterminal_CPLCG_support	135	8.1	27.4	1	GAIHTAPLAGH	1	GAIHTAPLAGH	1	GAIHTAPLAGH	
Dvi_CPLCG1	CPLCG1	Dvi	Drosophila virilis	CPLCG	109.2	4.3e-32	yes	CPLCG	high	confirmed	exact_relaxed_and_Cterminal_CPLCG_support	127	7.1	29.1	1	GAVHVAPLPGH	1	GAVHVAPLPGH	1	GAVHVAPLPGH	
Dvi_CPLCG2	CPLCG2	Dvi	Drosophila virilis	CPLCG	116.9	1.8e-34	yes	CPLCG	high	confirmed	exact_relaxed_and_Cterminal_CPLCG_support	141	17.7	22.7	1	GAIHTAPLAGH	1	GAIHTAPLAGH	1	GAIHTAPLAGH	
Dvi_CPLCG3	CPLCG3	Dvi	Drosophila virilis	CPLCG	119.7	2.5e-35	yes	CPLCG	high	confirmed	exact_relaxed_and_Cterminal_CPLCG_support	129	9.3	23.3	1	GAVHTAPLSGH	1	GAVHTAPLSGH	1	GAVHTAPLSGH	
Dwi_CPLCG1	CPLCG1	Dwi	Drosophila willistoni	CPLCG	99.4	4.6e-29	yes	CPLCG	high	confirmed	exact_relaxed_and_Cterminal_CPLCG_support	144	9.0	27.1	1	GAVHVAPLPGH	1	GAVHVAPLPGH	1	GAVHVAPLPGH	
Dwi_CPLCG2	CPLCG2	Dwi	Drosophila willistoni	CPLCG	105.1	8e-31	yes	CPLCG	high	confirmed	exact_relaxed_and_Cterminal_CPLCG_support	137	16.8	21.9	1	GAIHTAPLAGH	1	GAIHTAPLAGH	1	GAIHTAPLAGH	
Dwi_CPLCG3	CPLCG3	Dwi	Drosophila willistoni	CPLCG	114.8	7.9e-34	yes	CPLCG	high	confirmed	exact_relaxed_and_Cterminal_CPLCG_support	135	6.7	25.2	1	GAVHTAPLAGH	1	GAVHTAPLAGH	1	GAVHTAPLAGH	
